code,system
H33zz12,readv2
H330.11,readv2
493 GR,readv2
H35y700,readv2
1O2..00,readv2
663j.00,readv2
173c.00,readv2
663V100,readv2
173d.00,readv2
H33z.00,readv2
H332.00,readv2
H33zz00,readv2
H33z.11,readv2
H47y000,readv2
H334.00,readv2
493 EP,readv2
493 NA,readv2
493 AE,readv2
493 C,readv2
3052AT,readv2
493 AA,readv2
691 TM,readv2
H33zz11,readv2
1780.00,readv2
173A.00,readv2
493 EB,readv2
H330.13,readv2
H330011,readv2
212G.00,readv2
2126200,readv2
493 AR,readv2
H330111,readv2
H331111,readv2
493 AB,readv2
663V300,readv2
493 AK,readv2
H330.12,readv2
493 CH,readv2
H330z00,readv2
H330100,readv2
H330.00,readv2
H330000,readv2
H331z00,readv2
H331.00,readv2
H331000,readv2
H331100,readv2
493 HT,readv2
H331.11,readv2
H33z200,readv2
L4930LO,readv2
H330.14,readv2
493 GS,readv2
663V200,readv2
493 AJ,readv2
H312000,readv2
493 BD,readv2
663V000,readv2
493 AD,readv2
H35y600,readv2
H33..11,readv2
493 BR,readv2
493 EA,readv2
493 AI,readv2
493 JC,readv2